dramaName,publishDate
萌宝被狂宠双爹抢我抚养权,2026-04-29
帝凰之神医弃妃,2026-04-30
祭品公主的生存法则,2026-04-30
闪婚狼太子,2026-05-06
满级小妈豪门猎杀,2026-04-28
腹黑丫鬟上位记,2026-05-06
农女殊色,2026-04-30
福宝驾到八个舅舅宠上天,2026-04-28
饿龙小姐的专属骑士,2026-05-06
替嫁后，沉睡老公超会撩,2026-04-29
这个男人是真的狗,2026-04-28
退休金给儿子，养老找女儿,2026-05-10
沦陷契约,2026-05-04
自爆祖师,2026-05-14
超绝虎王,2026-04-24
奶娃魔尊,2026-04-27
盲眼妖师,2026-04-24
天生贵命,2026-04-23
沦陷契约第二季,2026-04-22
末世冥婚，重生后我驭诡称王,2026-04-24
诡行异闻录之怒水惊魂,2026-04-23
夏可可的末世求生日记,2026-04-22
战神后妈掀桌了,2026-04-26
沦陷契约第二季,2026-04-20
乙游系统觉醒，我在星际撩疯了,2026-04-22
新婚后，大叔全家爆宠我,2026-04-22
女儿失踪后，警察给我带回了两个,2026-04-17
全民转职：你职业竟然是皇帝,2026-04-14
绑定国运，开局扮演瞎眼剑客,2026-04-14
和姐姐交换魅魔体质后,2026-04-13
继母觉醒以后,2026-04-10
全城饿疯我靠养猪救苍生,2026-04-11
9个南瓜换我余生自由,2026-04-10
入住月子中心当天老公让我写借条,2026-04-09
重生回挑选异兽那天,2026-04-08
我在诡异游戏当食堂阿姨,2026-04-07
诡异游戏boss竟是我男友,2026-04-07
渊狐记：重生不负心,2026-04-07
皇兄抢先选了丑陋蝙蝠,2026-03-27
金牌替身,2026-04-14
双鲤换生，这一世我所向披靡,2026-03-26
家有财神小福星日进斗金,2026-03-20
极热65度：老公中奖2亿当天我连夜回村独美,2026-04-15
