剧名,描述,频道,题材
新婚后，大叔全家爆宠我,婚后大叔全家爆宠我，动态漫,女频,都市
金牌替身,金牌替身，热门动态漫,女频,都市
替嫁后，沉睡老公超会撩,替嫁后沉睡老公超会撩，热门动态漫抢先看,女频,都市
家有财神小福星日进斗金,家有财神小福星日进斗金，AI真人解说漫,女频,都市
渊狐记：重生不负心,渊狐记：重生不负心，AI漫剧,男频,玄幻
极热65度：老公中奖2亿当天我连夜回村独美,极热65度，AI真人解说漫,女频,都市
双鲤换生，这一世我所向披靡,双鲤换生，这一世我所向披靡，AI真人解说漫,男频,玄幻
入住月子中心当天老公让我写借条,入住月子中心当天老公让我写借条，AI漫剧,女频,都市
盲眼妖师,盲眼妖师,男频,玄幻
战神后妈掀桌了,战神后妈掀桌了，一口气免费看完,女频,都市
乙游系统觉醒，我在星际撩疯了,乙游系统觉醒，我在星际撩疯了，热门动态漫,女频,都市
我在诡异游戏当食堂阿姨,我在诡异游戏当食堂阿姨，AI漫剧,女频,末世
祭品公主的生存法则,祭品公主的生存法则,女频,玄幻
9个南瓜换我余生自由,9个南瓜换我余生自由,女频,都市
末世冥婚，重生后我驭诡称王,末世冥婚第二集，热门漫剧,男频,末世
全城饿疯我靠养猪救苍生,全城饿疯我靠养猪救苍生,男频,末世
重生回挑选异兽那天,重生回挑选异兽那天，AI漫剧,男频,玄幻
诡异游戏boss竟是我男友,诡异游戏boss竟是我男友，AI漫剧,女频,末世
天生贵命,天生贵命,女频,都市
诡行异闻录之怒水惊魂,古装悬疑剧，堪比电视剧的漫剧,男频,玄幻
女儿失踪后，警察给我带回了两个,女儿失踪后警察给我带回了两个，AI漫剧,女频,都市
奶娃魔尊,魔尊转世、修仙爽文、萌娃逆袭,男频,玄幻
帝凰之神医弃妃,帝凰之神医弃妃，动态漫,女频,玄幻
夏可可的末世求生日记,夏可可的末世求生日记,女频,末世
超绝虎王,超绝虎王,男频,玄幻
农女殊色,农女殊色,女频,都市
自爆祖师,自爆祖师,男频,玄幻
