剧名,频道,题材,账号
网游之我有十倍攻速,男频,游戏,香蕉
激活多子多福系统我直接无敌,男频,玄幻,香蕉
"系统提前三年,可末世真没降临",男频,末世,香蕉
从野怪进化成最强反派,男频,玄幻,香蕉
"全民转职,你职业竟然是皇帝",男频,玄幻,香蕉
"玄幻,老祖太稳健,开局罗睺赐福",男频,玄幻,香蕉
"御兽狂潮,我执掌亿万亡灵",男频,玄幻,香蕉
"绑定国运,开局扮演瞎眼剑客",男频,玄幻,香蕉
"源神启动,我家老祖超无敌",男频,玄幻,香蕉
"全球器灵,只有我认识上古神器",男频,玄幻,香蕉
"超凡转世,我觉醒先天圣体",男频,玄幻,香蕉
"高武,开局觉醒不死神凰天赋",男频,玄幻,香蕉
"转职农夫,我种出豌豆射手",男频,游戏,香蕉
"全民灵异,我安屠生创造黑童话",男频,悬疑,香蕉
阴天子,男频,悬疑,香蕉
24H后穿越我靠彩票杀疯金融圈,男频,都市,香蕉
"全球惊悚,我的诸天监狱能斩神",男频,玄幻,香蕉
"诡异世界,我能看到提示",男频,悬疑,香蕉
"绑定拼夕夕,我的复活无上限",男频,玄幻,香蕉
"玄幻,最强收徒,为师从不藏私",男频,玄幻,香蕉
"我,人类幼崽,被魅魔宠上天",男频,玄幻,香蕉
"硬核僵爹,我家闺女是女帝",男频,玄幻,香蕉
我成了反派女魔头的守护剑灵,男频,玄幻,香蕉
宗门里除了我都是卧底,男频,玄幻,香蕉
"神纹觉醒,背天覆地逆命屠诡",男频,玄幻,香蕉
"满级悟性,从剑阁守剑开始",男频,玄幻,香蕉
从蚂蚁到深渊魔神,男频,玄幻,香蕉
"仙子,你有大凶之兆",男频,玄幻,香蕉
"刺客觉醒,我的动物猎杀团",男频,玄幻,香蕉
"玄幻,我一嘴巴抽出百万修为",男频,玄幻,香蕉
"误入女班后,我闹翻天了",男频,都市,香蕉
"仙途开挂,道侣升级我十倍返还",男频,玄幻,香蕉
"死灵法师,我,无限军团横推万物",男频,玄幻,香蕉
"中年失业,觉醒每月武道天赋",男频,都市,香蕉
我从氪金成为王者,男频,游戏,香蕉
"穿越洪荒,开局满级振兴神剑宗",男频,玄幻,香蕉
"画棺人,开局契约女诡大佬",男频,悬疑,香蕉
"长生十万年,我一掌镇神魔",男频,玄幻,香蕉
新婚后，大叔全家爆宠我,女频,都市,南瓜
金牌替身,女频,都市,南瓜
替嫁后，沉睡老公超会撩,女频,都市,南瓜
家有财神小福星日进斗金,女频,都市,南瓜
渊狐记：重生不负心,男频,玄幻,南瓜
极热65度：老公中奖2亿当天我连夜回村独美,女频,都市,南瓜
双鲤换生，这一世我所向披靡,男频,玄幻,南瓜
入住月子中心当天老公让我写借条,女频,都市,南瓜
盲眼妖师,男频,玄幻,南瓜
战神后妈掀桌了,女频,都市,南瓜
乙游系统觉醒，我在星际撩疯了,女频,都市,南瓜
我在诡异游戏当食堂阿姨,女频,末世,南瓜
祭品公主的生存法则,女频,玄幻,南瓜
9个南瓜换我余生自由,女频,都市,南瓜
末世冥婚，重生后我驭诡称王,男频,末世,南瓜
全城饿疯我靠养猪救苍生,男频,末世,南瓜
重生回挑选异兽那天,男频,玄幻,南瓜
诡异游戏boss竟是我男友,女频,末世,南瓜
天生贵命,女频,都市,南瓜
诡行异闻录之怒水惊魂,男频,玄幻,南瓜
女儿失踪后，警察给我带回了两个,女频,都市,南瓜
奶娃魔尊,男频,玄幻,南瓜
帝凰之神医弃妃,女频,玄幻,南瓜
夏可可的末世求生日记,女频,末世,南瓜
超绝虎王,男频,玄幻,南瓜
农女殊色,女频,都市,南瓜
自爆祖师,男频,玄幻,南瓜
全民转职：你职业竟然是皇帝,男频,玄幻,南瓜
和姐姐交换魅魔体质后,女频,都市,南瓜
沦陷契约,女频,都市,南瓜
沦陷契约第二季,女频,都市,南瓜
满级小妈豪门猎杀,女频,都市,南瓜
皇兄抢先选了丑陋蝙蝠,男频,玄幻,南瓜
福宝驾到八个舅舅宠上天,女频,都市,南瓜
绑定国运，开局扮演瞎眼剑客,男频,玄幻,南瓜
继母觉醒以后,女频,都市,南瓜
腹黑丫鬟上位记,女频,都市,南瓜
萌宝被狂宠双爹抢我抚养权,女频,都市,南瓜
这个男人是真的狗,女频,都市,南瓜
退休金给儿子，养老找女儿,女频,都市,南瓜
闪婚狼太子,女频,都市,南瓜
饿龙小姐的专属骑士,女频,都市,南瓜
